"PI_Accession","Latitude","Longitude","Cultivar_Name","ID","wc2.1_30s_bio_1","wc2.1_30s_bio_10","wc2.1_30s_bio_11","wc2.1_30s_bio_12","wc2.1_30s_bio_13","wc2.1_30s_bio_14","wc2.1_30s_bio_15","wc2.1_30s_bio_16","wc2.1_30s_bio_17","wc2.1_30s_bio_18","wc2.1_30s_bio_19","wc2.1_30s_bio_2","wc2.1_30s_bio_3","wc2.1_30s_bio_4","wc2.1_30s_bio_5","wc2.1_30s_bio_6","wc2.1_30s_bio_7","wc2.1_30s_bio_8","wc2.1_30s_bio_9"
"Amur",NA,NA,"Amur",1,NA,NA,NA,NA,NA,NA,NA,NA,NA,NA,NA,NA,NA,NA,NA,NA,NA,NA,NA
"Greenar",NA,NA,"Greenar",2,NA,NA,NA,NA,NA,NA,NA,NA,NA,NA,NA,NA,NA,NA,NA,NA,NA,NA,NA
"Manska",NA,NA,"Manska",3,NA,NA,NA,NA,NA,NA,NA,NA,NA,NA,NA,NA,NA,NA,NA,NA,NA,NA,NA
"Nebraska50",NA,NA,"Nebraka 50",4,NA,NA,NA,NA,NA,NA,NA,NA,NA,NA,NA,NA,NA,NA,NA,NA,NA,NA,NA
"Oahe",NA,NA,"Oahe",5,NA,NA,NA,NA,NA,NA,NA,NA,NA,NA,NA,NA,NA,NA,NA,NA,NA,NA,NA
"PI109219",40.76972222,32.17277778,NA,6,8.41250038146973,17.033332824707,-1.03333330154419,647,88,22,38.8261489868164,224,77,108,224,11.2916660308838,36.3076095581055,739.468872070312,25.3999996185303,-5.69999980926514,31.0999984741211,-1.03333330154419,16.9166660308838
"PI172688",40.14138889,43.11777778,NA,7,7.95416641235352,19.7999992370605,-5.06666660308838,389,67,17,43.3367652893066,160,65,98,71,12.6750001907349,30.8394165039062,1014.60797119141,29.2999992370605,-11.8000001907349,41.0999984741211,12.6499996185303,19.6499996185303
"PI172689",39.9375,44.08083333,NA,8,11.5,22.9166660308838,-0.966666638851166,266,47,10,47.7429046630859,113,33,55,53,11.9333333969116,30.7560138702393,965.999267578125,31.2000007629395,-7.59999990463257,38.7999992370605,16.283332824707,22.533332824707
"PI173630",38.97166667,41.54055556,NA,9,9.52916622161865,22.1333332061768,-3.81666660308838,675,100,7,58.8873825073242,268,27,27,225,12.4416666030884,29.6230163574219,1059.59350585938,32.5,-9.5,42,1.70000004768372,22.1333332061768
"PI204384",38.66055556,39.16777778,NA,10,13.5833330154419,25.5833339691162,1.21666657924652,591,84,2,63.6596794128418,226,13,24,217,11.2333335876465,29.177490234375,995.349060058594,34.7999992370605,-3.70000004768372,38.5,6.78333330154419,25.5833339691162
"PI204385",39.90861111,41.27666667,NA,11,5.20416688919067,17.216667175293,-7.63333320617676,475,75,18,41.9938507080078,186,65,90,92,12.0083332061768,29.8714752197266,1018.13659667969,26.7000007629395,-13.5,40.2000007629395,9.68333339691162,17.1666679382324
"PI204386",39.91666667,41.3,NA,12,4.8125,16.7000007629395,-7.93333339691162,486,75,18,42.2077751159668,190,65,65,95,11.9083337783813,29.7708320617676,1010.60314941406,26.2000007629395,-13.8000001907349,40,9.21666622161865,16.7000007629395
"PI204550",40.45,39.48333333,NA,13,8.55416679382324,18.2666664123535,-1.93333339691162,507,75,14,42.7489929199219,194,52,84,123,11.3583335876465,33.114673614502,829.793151855469,26.8999996185303,-7.40000009536743,34.2999992370605,12.2666664123535,18.2666664123535
"PI204854",40.96666667,35.66666667,NA,14,10.466667175293,18.9333343505859,1.48333334922791,502,58,17,31.1452026367188,161,67,87,143,10.1500005722046,34.8797264099121,713.577209472656,26.2000007629395,-2.90000009536743,29.1000003814697,13.8166666030884,18.716667175293
"PI206259",39.69333333,34.64472222,NA,15,11.3416662216187,20.75,1.33333325386047,425,50,10,39.7494468688965,140,41,60,140,12.8000001907349,37.3177833557129,786.866149902344,29.6000003814697,-4.69999980926514,34.2999992370605,1.33333325386047,20.5
"PI206618",40.77888889,43.44777778,NA,16,6.24166679382324,17.6833343505859,-6.83333349227905,429,79,16,54.5221710205078,194,55,144,55,12.8000001907349,31.2958450317383,1001.8388671875,27.2999992370605,-13.6000003814697,40.9000015258789,11,-6.83333349227905
"PI206625",40.67527778,43.16833333,NA,17,4.84999990463257,16.0166664123535,-7.96666669845581,454,80,18,50.6979751586914,196,61,114,61,13,31.941032409668,979.962890625,25.7999992370605,-14.8999996185303,40.6999969482422,13.3666667938232,-7.96666669845581
"PI208062",40.5,42.75,NA,18,4.96666669845581,16.033332824707,-7.68333339691162,466,78,20,45.8657646179199,194,67,107,67,13.5833330154419,33.0494728088379,969.841430664062,26.2999992370605,-14.8000001907349,41.0999984741211,9.5,-7.68333339691162
"PI210990",36.62833333,69.76027778,NA,19,14.9541664123535,26.7333335876465,3,522,114,1,93.3672790527344,304,5,9,175,13.2916669845581,33.649787902832,950.653991699219,36,-3.5,39.5,9.18333339691162,25.466667175293
"PI210992",34.17694444,61.70055556,NA,20,13.5708332061768,24.6333332061768,2.31666660308838,248,50,0,97.8741226196289,147,0,1,132,14.8249998092651,38.110538482666,896.656555175781,33.7000007629395,-5.19999980926514,38.9000015258789,3.79999995231628,23.2333335876465
"PI212240",NA,NA,NA,21,NA,NA,NA,NA,NA,NA,NA,NA,NA,NA,NA,NA,NA,NA,NA,NA,NA,NA,NA
"PI220497",35.92194444,64.77638889,NA,22,14.1208333969116,26.3999996185303,2.03333330154419,345,79,0,93.5937042236328,195,1,2,152,14.3083333969116,34.8983726501465,981.771301269531,36.2000007629395,-4.80000019073486,41,8.01666641235352,24.533332824707
"PI220498",34.95138889,62.18638889,NA,23,14.7041664123535,26.0499992370605,3.51666688919067,329,77,0,100.035682678223,194,0,1,162,15.1583337783813,38.3755264282227,904.170776367188,36,-3.5,39.5,4.76666688919067,24.466667175293
"PI222961",35.73416667,51.27027778,NA,24,15.9499998092651,27.7666664123535,3.79999995231628,236,43,2,69.2439270019531,108,7,10,98,10.5833330154419,28.5265045166016,970.159362792969,35.4000015258789,-1.70000004768372,37.1000022888184,5.28333330154419,26.9500007629395
"PI223230",35.84944444,66.84611111,NA,25,10.7624998092651,22.75,-1.30000007152557,251,54,0,87.6896057128906,144,3,4,87,13.1416664123535,33.3544845581055,962.499389648438,31.5,-7.90000009536743,39.4000015258789,4.73333311080933,21.1833343505859
"PI223668",38.36666667,47.18333333,NA,26,7.15416669845581,17.8666667938232,-3.90000009536743,339,63,12,54.6449775695801,152,41,59,57,10.5749998092651,29.8728809356689,892.273559570312,26.1000003814697,-9.30000019073486,35.4000015258789,5.80000019073486,17.716667175293
"PI228274",31.95083333,51.29222222,NA,27,12.0208330154419,23.1333332061768,0.5,245,49,0,86.268440246582,125,3,4,120,16.2416667938232,39.3260688781738,911.246520996094,33.9000015258789,-7.40000009536743,41.3000030517578,1.88333344459534,22.3333339691162
"PI228386",35.24722222,47.02777778,NA,28,13.1333332061768,25.2000007629395,1.13333332538605,491,92,1,79.6356506347656,230,3,4,201,15.6000003814697,36.8794326782227,970.864990234375,36.4000015258789,-5.90000009536743,42.3000030517578,2.40000009536743,24.7666664123535
"PI229475",38.08333333,47.93333333,NA,29,7.92500019073486,17.8500003814697,-2.71666669845581,317,59,10,52.6602783203125,141,35,44,63,12,33.5195541381836,842.192749023438,27,-8.80000019073486,35.7999992370605,6.65000009536743,17.6333332061768
"PI229576",32.01833333,50.74861111,NA,30,9.87916660308838,21.033332824707,-1.60000002384186,298,62,0,85.9705581665039,152,5,7,140,14.1916666030884,35.7472724914551,913.898864746094,30.7000007629395,-9,39.7000007629395,-0.550000011920929,20.2999992370605
"PI229577",32.01833333,50.74861111,NA,31,9.87916660308838,21.033332824707,-1.60000002384186,298,62,0,85.9705581665039,152,5,7,140,14.1916666030884,35.7472724914551,913.898864746094,30.7000007629395,-9,39.7000007629395,-0.550000011920929,20.2999992370605
"PI229916",35.9475,52.10722222,NA,32,-3.0625,8.06666660308838,-13.8833332061768,357,64,4,68.9040985107422,188,31,52,80,11.125,30.9027786254883,903.589111328125,16.1000003814697,-19.8999996185303,36,-4.96666669845581,4.03333330154419
"PI229917",35.9475,52.10722222,NA,33,-3.0625,8.06666660308838,-13.8833332061768,357,64,4,68.9040985107422,188,31,52,80,11.125,30.9027786254883,903.589111328125,16.1000003814697,-19.8999996185303,36,-4.96666669845581,4.03333330154419
"PI229918",35.69611111,51.42305556,NA,34,16.7708339691162,28.4166660308838,4.91666650772095,253,43,2,70.0845794677734,118,7,10,111,9.7916669845581,27.4276371002197,949.946044921875,35.5,-0.200000002980232,35.7000007629395,6.40000009536743,27.5
"PI229919",35.9475,52.10722222,NA,35,-3.0625,8.06666660308838,-13.8833332061768,357,64,4,68.9040985107422,188,31,52,80,11.125,30.9027786254883,903.589111328125,16.1000003814697,-19.8999996185303,36,-4.96666669845581,4.03333330154419
"PI229921",35.9475,52.10722222,NA,36,-3.0625,8.06666660308838,-13.8833332061768,357,64,4,68.9040985107422,188,31,52,80,11.125,30.9027786254883,903.589111328125,16.1000003814697,-19.8999996185303,36,-4.96666669845581,4.03333330154419
"PI229928",35.71833333,52.52722222,NA,37,9.39999961853027,21.6666660308838,-3.4833333492279,188,38,2,69.1874923706055,92,9,13,59,11.0166664123535,28.3204784393311,1015.20037841797,29.7000007629395,-9.19999980926514,38.9000015258789,8.76666641235352,20.8999996185303
"PI240129",38.08,46.29166667,NA,38,12.375,24.7000007629395,-0.38333335518837,283,49,4,58.7039794921875,130,16,29,67,10.9166660308838,28.2084407806396,1019.13177490234,32.7999992370605,-5.90000009536743,38.7000007629395,11.1000003814697,24.3999996185303
"PI249145",NA,NA,NA,39,NA,NA,NA,NA,NA,NA,NA,NA,NA,NA,NA,NA,NA,NA,NA,NA,NA,NA,NA
"PI249146",NA,NA,NA,40,NA,NA,NA,NA,NA,NA,NA,NA,NA,NA,NA,NA,NA,NA,NA,NA,NA,NA,NA
"PI253430",45.54666667,13.72916667,NA,41,14.3374996185303,23.0166664123535,6.11666679382324,977,110,52,22.2437725067139,314,181,240,199,7.09166669845581,27.9199466705322,688.628845214844,28.2000007629395,2.79999995231628,25.4000015258789,14.9833335876465,6.9500002861023
"PI255150",NA,NA,NA,42,NA,NA,NA,NA,NA,NA,NA,NA,NA,NA,NA,NA,NA,NA,NA,NA,NA,NA,NA
"PI273732",57.18805556,39.41527778,NA,43,4.08333349227905,16.6666660308838,-8.46666622161865,599,84,27,34.2480888366699,220,91,220,108,8.48333358764648,23.4995384216309,1023.54626464844,23.1000003814697,-13,36.0999984741211,16.6666660308838,-2.43333339691162
"PI273733",51.73027778,36.19388889,NA,44,6.16249990463257,18.2333335876465,-6.23333311080933,639,81,36,24.7322673797607,211,117,211,125,8.07499980926514,23.6803512573242,1007.47686767578,24,-10.1000003814697,34.0999984741211,18.2333335876465,-5.08333349227905
"PI273737",NA,NA,NA,45,NA,NA,NA,NA,NA,NA,NA,NA,NA,NA,NA,NA,NA,NA,NA,NA,NA,NA,NA
"PI286118",NA,NA,NA,46,NA,NA,NA,NA,NA,NA,NA,NA,NA,NA,NA,NA,NA,NA,NA,NA,NA,NA,NA
"PI297872",NA,NA,NA,47,NA,NA,NA,NA,NA,NA,NA,NA,NA,NA,NA,NA,NA,NA,NA,NA,NA,NA,NA
"PI297876",NA,NA,NA,48,NA,NA,NA,NA,NA,NA,NA,NA,NA,NA,NA,NA,NA,NA,NA,NA,NA,NA,NA
"PI314054",47.59666667,41.04638889,NA,49,9.28750038146973,21.6333332061768,-3.34999990463257,505,56,30,20.6292495727539,157,100,146,121,8.90833377838135,24.6768245697021,1028.64685058594,28.6000003814697,-7.5,36.0999984741211,19.9000015258789,-2.18333339691162
"PI314140",NA,NA,NA,50,NA,NA,NA,NA,NA,NA,NA,NA,NA,NA,NA,NA,NA,NA,NA,NA,NA,NA,NA
"PI314189",41.78472222,70.26083333,NA,51,7.25,18.1499996185303,-3.88333344459534,795,113,12,53.0265121459961,291,52,67,263,12.0666666030884,32.7898559570312,899.105651855469,27.2000007629395,-9.60000038146973,36.8000030517578,0.916666746139526,17.6333332061768
"PI314190",41.78472222,70.26083333,NA,52,7.25,18.1499996185303,-3.88333344459534,795,113,12,53.0265121459961,291,52,67,263,12.0666666030884,32.7898559570312,899.105651855469,27.2000007629395,-9.60000038146973,36.8000030517578,0.916666746139526,17.6333332061768
"PI314191",41.78472222,70.26083333,NA,53,7.25,18.1499996185303,-3.88333344459534,795,113,12,53.0265121459961,291,52,67,263,12.0666666030884,32.7898559570312,899.105651855469,27.2000007629395,-9.60000038146973,36.8000030517578,0.916666746139526,17.6333332061768
"PI314192",41.33722222,70.52388889,NA,54,1.25416672229767,12.2333335876465,-9.94999980926514,610,88,17,42.2586364746094,235,66,66,159,12.3583335876465,32.1831588745117,928.996215820312,22.2000007629395,-16.2000007629395,38.4000015258789,-0.550000011920929,12.2333335876465
"PI314193",42.33722222,71.52388889,NA,55,0.295833259820938,11.1666669845581,-11.3166666030884,531,72,22,35.1213111877441,195,79,109,119,14.2083330154419,34.824348449707,954.685729980469,21.7999992370605,-19,40.7999992370605,-1.43333327770233,11.1333332061768
"PI314610",NA,NA,NA,56,NA,NA,NA,NA,NA,NA,NA,NA,NA,NA,NA,NA,NA,NA,NA,NA,NA,NA,NA
"PI315065",NA,NA,NA,57,NA,NA,NA,NA,NA,NA,NA,NA,NA,NA,NA,NA,NA,NA,NA,NA,NA,NA,NA
"PI315067",NA,NA,NA,58,NA,NA,NA,NA,NA,NA,NA,NA,NA,NA,NA,NA,NA,NA,NA,NA,NA,NA,NA
"PI315353",NA,NA,NA,59,NA,NA,NA,NA,NA,NA,NA,NA,NA,NA,NA,NA,NA,NA,NA,NA,NA,NA,NA
"PI315354",NA,NA,NA,60,NA,NA,NA,NA,NA,NA,NA,NA,NA,NA,NA,NA,NA,NA,NA,NA,NA,NA,NA
"PI315355",44.66805556,43.52027778,NA,61,9.8541669845581,22.2999992370605,-2.54999995231628,460,70,19,40.4510231018066,179,63,173,66,10.3083333969116,27.6362819671631,1009.0126953125,30.5,-6.80000019073486,37.2999992370605,19.8833332061768,-1.38333332538605
"PI316122",NA,NA,NA,62,NA,NA,NA,NA,NA,NA,NA,NA,NA,NA,NA,NA,NA,NA,NA,NA,NA,NA,NA
"PI317404",35.20777778,62.32916667,NA,63,15.3541669845581,26.9833335876465,4.15000009536743,338,83,0,100.989097595215,202,2,2,165,15.2083330154419,38.1161231994629,921.060302734375,37.2000007629395,-2.70000004768372,39.9000015258789,5.30000019073486,26.9833335876465
"PI317406",34.61666667,63.25,NA,64,4.46250009536743,15.6166667938232,-7.76666641235352,340,71,1,95.9219665527344,197,3,4,197,14.4416666030884,36.0141296386719,943.889709472656,24.8999996185303,-15.1999998092651,40.0999984741211,-7.76666641235352,14.4166660308838
"PI318923",NA,NA,NA,65,NA,NA,NA,NA,NA,NA,NA,NA,NA,NA,NA,NA,NA,NA,NA,NA,NA,NA,NA
"PI325183",44.66805556,43.52027778,NA,66,9.8541669845581,22.2999992370605,-2.54999995231628,460,70,19,40.4510231018066,179,63,173,66,10.3083333969116,27.6362819671631,1009.0126953125,30.5,-6.80000019073486,37.2999992370605,19.8833332061768,-1.38333332538605
"PI325190",43.86361111,42.78722222,NA,67,6.34583330154419,15.5166664123535,-3.03333330154419,653,107,20,57.2731552124023,290,65,281,65,9.57499980926514,32.1308746337891,759.914611816406,21.3999996185303,-8.39999961853027,29.7999992370605,13.7333335876465,-3.03333330154419
"PI325191",43.86361111,42.78722222,NA,68,6.34583330154419,15.5166664123535,-3.03333330154419,653,107,20,57.2731552124023,290,65,281,65,9.57499980926514,32.1308746337891,759.914611816406,21.3999996185303,-8.39999961853027,29.7999992370605,13.7333335876465,-3.03333330154419
"PI326209",50.27277778,87.44194444,NA,69,-5.82083320617676,8.03333282470703,-20.033332824707,437,78,8,67.6741714477539,213,26,213,34,10.9749994277954,26.9656028747559,1149.33666992188,14.8999996185303,-25.7999992370605,40.6999969482422,8.03333282470703,-18.1999988555908
"PI340064",NA,NA,NA,70,NA,NA,NA,NA,NA,NA,NA,NA,NA,NA,NA,NA,NA,NA,NA,NA,NA,NA,NA
"PI343186",NA,NA,NA,71,NA,NA,NA,NA,NA,NA,NA,NA,NA,NA,NA,NA,NA,NA,NA,NA,NA,NA,NA
"PI345586",47.83222222,38.44027778,NA,72,9.12083339691162,21.3500003814697,-3.5166666507721,526,60,32,21.3269939422607,165,106,160,136,8.77500057220459,23.9100818634033,1020.30847167969,28.5,-8.19999980926514,36.7000007629395,18.9833335876465,16.5166664123535
"PI369174",54.395,83.33888889,NA,73,1.00833332538605,17.0499992370605,-15.6999998092651,450,64,15,41.3587303161621,179,58,179,75,9.46666622161865,20.8516883850098,1334.16442871094,24.5,-20.8999996185303,45.4000015258789,17.0499992370605,-13.8333330154419
"PI380630",38.4675,45.66944444,NA,74,12.1833333969116,24.1833324432373,-0.73333328962326,257,44,4,57.5528602600098,119,19,32,54,11.6666669845581,29.4612789154053,1010.23474121094,32.7000007629395,-6.90000009536743,39.6000022888184,11.1333332061768,24.0499992370605
"PI380631",37.9675,46.30277778,NA,75,10.2833337783813,22.466667175293,-2.34999990463257,268,49,3,61.656177520752,126,14,25,62,11.2333335876465,29.0267028808594,1009.802734375,30.7999992370605,-7.90000009536743,38.7000007629395,8.86666679382324,22.2666664123535
"PI380632",38.4775,47.07,NA,76,10.7875003814697,21.6666660308838,-0.566666662693024,351,60,9,50.3941268920898,145,35,55,69,11.7916669845581,32.2176704406738,903.345092773438,30,-6.59999990463257,36.5999984741211,9.9166669845581,21.3166656494141
"PI380633",38.4775,47.07,NA,77,10.7875003814697,21.6666660308838,-0.566666662693024,351,60,9,50.3941268920898,145,35,55,69,11.7916669845581,32.2176704406738,903.345092773438,30,-6.59999990463257,36.5999984741211,9.9166669845581,21.3166656494141
"PI380634",38.32527778,47.86833333,NA,78,3.22499990463257,13.5166664123535,-7.13333320617676,410,76,17,55.5490226745605,190,56,76,68,10.8666667938232,31.226053237915,857.574523925781,22,-12.8000001907349,34.7999992370605,1.10000002384186,13.4166669845581
"PI380636",34.18055556,48.18472222,NA,79,12.8958330154419,23.8166675567627,2.28333330154419,377,70,0,80.5012817382812,178,1,6,163,15.3583335876465,39.1794204711914,871.024658203125,34.9000015258789,-4.30000019073486,39.2000007629395,3.13333320617676,23.3833332061768
"PI380637",33.53611111,48.87666667,NA,80,11.5083332061768,22.8500003814697,0.449999958276749,330,62,0,81.0615386962891,161,2,8,145,14.4333333969116,36.6328239440918,907.418518066406,33,-6.40000009536743,39.4000015258789,1.29999995231628,22.3666667938232
"PI380638",NA,NA,NA,81,NA,NA,NA,NA,NA,NA,NA,NA,NA,NA,NA,NA,NA,NA,NA,NA,NA,NA,NA
"PI380639",34.33,49.33055556,NA,82,11.6541662216187,23.25,0.0166666507720947,274,49,0,76.8236083984375,126,2,9,114,14.2916669845581,35.7291641235352,932.975341796875,33.4000015258789,-6.59999990463257,40,1.19999992847443,22.6333332061768
"PI380640",38.67055556,45.18027778,NA,83,12.6125001907349,24.4500007629395,-0.0833332911133766,246,43,4,55.2294998168945,110,19,32,52,12.1916666030884,31.1011905670166,992.881774902344,33.2000007629395,-6,39.2000007629395,12.0166664123535,24.0666675567627
"PI380641",38.00138889,46.58916667,NA,84,9.3541669845581,21.2666664123535,-3.11666679382324,275,49,4,60.1028099060059,129,17,30,61,11.1416664123535,29.0147552490234,991.661743164062,29.6000003814697,-8.80000019073486,38.4000015258789,8.10000038146973,21.0499992370605
"PI380642",35.73083333,53.56555556,NA,85,12.9666662216187,24.9833335876465,0.400000005960464,178,32,3,61.8720779418945,79,10,13,61,11.3666667938232,29.8337707519531,993.3994140625,32.5999984741211,-5.5,38.0999984741211,6.75,24.1166667938232
"PI380654",35.30722222,59.14611111,NA,86,13.908332824707,24.9333324432373,2.31666660308838,267,57,1,91.0758514404297,154,3,7,133,12.9166669845581,34.909912109375,913.559020996094,32.5999984741211,-4.40000009536743,37,3.7333333492279,23.8666667938232
"PI383546",38.02944444,35.3975,NA,87,7.58750009536743,17.1000003814697,-2.46666669845581,466,60,7,49.5410079956055,177,30,49,149,12.4916667938232,36.2077293395996,800.006042480469,26.6000003814697,-7.90000009536743,34.5,6.58333349227905,17.0166664123535
"PI383547",37.96666667,34.68333333,NA,88,10.8625001907349,20.3166675567627,1.06666660308838,355,52,6,51.2927856445312,142,22,43,98,12.4250001907349,36.7603530883789,783.816772460938,29.1000003814697,-4.69999980926514,33.7999992370605,9.89999961853027,20.1000003814697
"PI383548",37.55527778,34.51,NA,89,9.92083358764648,19.5833339691162,0.0999999865889549,355,52,5,52.7869262695312,146,20,39,105,13.625,38.5977363586426,792.62353515625,29.2999992370605,-6,35.2999992370605,8.89999961853027,19.3333339691162
"PI383550",39.80555556,32.74666667,NA,90,10.5166664123535,20.5499992370605,0.0833333358168602,397,53,9,42.3969116210938,136,37,54,130,12.0166664123535,35.0340118408203,831.912719726562,29.1000003814697,-5.19999980926514,34.2999992370605,9.73333358764648,20.25
"PI383551",38.39472222,39.67305556,NA,91,14.0749998092651,26.216667175293,1.71666669845581,667,94,2,68.9988327026367,271,11,19,270,11.5333337783813,29.8791027069092,1000.8984375,35.5,-3.09999990463257,38.5999984741211,6.96666669845581,26.1499996185303
"PI383552",38.86694444,39.32611111,NA,92,12.9916667938232,24.783332824707,0.949999988079071,728,109,3,65.2299346923828,297,17,17,289,10.8000001907349,28.7999992370605,975.105651855469,33.5,-4,37.5,3.19999980926514,24.783332824707
"PI383553",41.14361111,43.32555556,NA,93,2.31666660308838,12.5666666030884,-8.5833330154419,709,103,37,36.1761627197266,270,121,176,121,10.6333332061768,31.0009708404541,868.21484375,20.2000007629395,-14.1000003814697,34.3000030517578,9.85000038146973,-8.5833330154419
"PI383554",39.92194444,40.69138889,NA,94,6.97499990463257,18.6666660308838,-6.01666688919067,499,75,14,45.4748840332031,196,48,48,115,12.1333332061768,29.8850574493408,1005.171875,28.5,-12.1000003814697,40.5999984741211,6.13333320617676,18.6666660308838
"PI383555",40.88111111,40.41638889,NA,95,12.9166669845581,20.716667175293,5.25,1325,173,72,28.4815063476562,460,239,277,357,7.90000009536743,32.1138191223145,643.249328613281,25.7000007629395,1.10000002384186,24.6000003814697,10.3666667938232,11.2166662216187
"PI383556",39.90861111,41.27666667,NA,96,5.20416688919067,17.216667175293,-7.63333320617676,475,75,18,41.9938507080078,186,65,90,92,12.0083332061768,29.8714752197266,1018.13659667969,26.7000007629395,-13.5,40.2000007629395,9.68333339691162,17.1666679382324
"PI383557",39.90888889,41.27694444,NA,97,5.20416688919067,17.216667175293,-7.63333320617676,475,75,18,41.9938507080078,186,65,90,92,12.0083332061768,29.8714752197266,1018.13659667969,26.7000007629395,-13.5,40.2000007629395,9.68333339691162,17.1666679382324
"PI383558",41.23888889,42.7025,NA,98,1.90416669845581,12,-8.86666679382324,835,101,52,22.6235866546631,276,161,209,173,11.2250003814697,32.1633224487305,857.831481933594,20.2000007629395,-14.6999998092651,34.9000015258789,9.4166669845581,-8.23333358764648
"PI383561",40.60805556,43.0975,NA,99,5.19999980926514,16.4833335876465,-7.86666679382324,456,79,19,49.0419845581055,195,64,150,64,13.25,31.9277114868164,995.163269042969,26.3999996185303,-15.1000003814697,41.5,9.9166669845581,-7.86666679382324
"PI383562",39.91861111,44.04638889,NA,100,11.5625,22.966667175293,-0.883333384990692,273,48,10,47.8771209716797,117,35,59,53,12.0249996185303,30.9922695159912,964.433715820312,31.2999992370605,-7.5,38.7999992370605,16.3166675567627,22.5833339691162
"PI383563",39.91861111,44.04638889,NA,101,11.5625,22.966667175293,-0.883333384990692,273,48,10,47.8771209716797,117,35,59,53,12.0249996185303,30.9922695159912,964.433715820312,31.2999992370605,-7.5,38.7999992370605,16.3166675567627,22.5833339691162
"PI383564",40.60805556,43.0975,NA,102,5.19999980926514,16.4833335876465,-7.86666679382324,456,79,19,49.0419845581055,195,64,150,64,13.25,31.9277114868164,995.163269042969,26.3999996185303,-15.1000003814697,41.5,9.9166669845581,-7.86666679382324
"PI383565",40.61138889,43.41333333,NA,103,5.39583301544189,16.7666664123535,-7.34999990463257,445,81,17,52.2466697692871,197,59,104,59,12.4916667938232,31.0737972259521,985.230590820312,26.3999996185303,-13.8000001907349,40.2000007629395,9.89999961853027,-7.34999990463257
"PI383568",39.91861111,44.04638889,NA,104,11.5625,22.966667175293,-0.883333384990692,273,48,10,47.8771209716797,117,35,59,53,12.0249996185303,30.9922695159912,964.433715820312,31.2999992370605,-7.5,38.7999992370605,16.3166675567627,22.5833339691162
"PI383569",40.62472222,43.09777778,NA,105,5.00833320617676,16.216667175293,-7.8333330154419,446,77,18,49.93603515625,191,60,109,60,13.1166667938232,31.991870880127,983.051452636719,26.1000003814697,-14.8999996185303,41,9.61666679382324,-7.8333330154419
"PI383570",38.08916667,30.82916667,NA,106,10.3958330154419,19.4833335876465,1.5,565,83,12,48.5431785583496,225,44,64,225,9.59166717529297,32.8481712341309,738.100952148438,26.7000007629395,-2.5,29.2000007629395,1.5,19.1833343505859
"PI383571",39.67555556,32.83972222,NA,107,10.7041664123535,20.6833343505859,0.233333304524422,399,54,8,42.6957664489746,139,37,54,128,11.9749994277954,35.0146217346191,829.973876953125,29.2999992370605,-4.90000009536743,34.2000007629395,9.93333339691162,20.4166660308838
"PI383573",38.69611111,34.92583333,NA,108,11.1499996185303,20.4833335876465,1.23333334922791,377,50,5,45.9904136657715,137,27,46,114,12.6000003814697,37.3887252807617,780.911437988281,29.3999996185303,-4.30000019073486,33.7000007629395,10.5500001907349,20.1833324432373
"PI383574",39.50555556,39.94333333,NA,109,5.71250009536743,17.0499992370605,-5.83333349227905,785,115,10,54.9413948059082,301,39,39,246,10.3249998092651,28.5221004486084,940.341125488281,25.5,-10.6999998092651,36.2000007629395,3.89999985694885,17.0499992370605
"PI383575",40.10416667,40.71638889,NA,110,4.95833349227905,16.1833324432373,-7.26666688919067,539,83,18,43.2238540649414,209,64,64,114,11.716667175293,30.2756233215332,959.544982910156,25.6000003814697,-13.1000003814697,38.7000007629395,9.14999961853027,16.1833324432373
"PI383576",40.61555556,43.40583333,NA,111,5.29583311080933,16.6666660308838,-7.41666650772095,447,81,17,52.2177200317383,197,59,106,59,12.4750003814697,31.0323390960693,984.469055175781,26.2999992370605,-13.8999996185303,40.1999969482422,9.78333377838135,-7.41666650772095
"PI383577",39.63166667,44.04361111,NA,112,9.46249961853027,21.1499996185303,-3.0166666507721,334,58,13,46.7847900390625,140,44,71,64,11.4916667938232,29.6942291259766,980.570617675781,29.7999992370605,-8.89999961853027,38.6999969482422,13.783332824707,20.966667175293
"PI383578",39.63166667,44.04361111,NA,113,9.46249961853027,21.1499996185303,-3.0166666507721,334,58,13,46.7847900390625,140,44,71,64,11.4916667938232,29.6942291259766,980.570617675781,29.7999992370605,-8.89999961853027,38.6999969482422,13.783332824707,20.966667175293
"PI401014",41.44916667,31.87805556,NA,114,11.5958337783813,19,4.34999990463257,849,114,54,27.1955623626709,289,164,164,276,7.77500009536743,32.805908203125,607.358154296875,24.1000003814697,0.400000005960464,23.7000007629395,6,19
"PI401015",41.745,35.09361111,NA,115,11.1416664123535,18.966667175293,3.56666660308838,675,82,33,25.8129272460938,228,121,121,200,7.86666631698608,32.1088409423828,637.897216796875,24.5,0,24.5,8.55000019073486,18.966667175293
"PI401016",41.02361111,41.7175,NA,116,8.07083320617676,17.5666656494141,-2.11666655540466,760,85,48,19.1907062530518,225,154,163,173,10.2416667938232,31.6100826263428,807.289123535156,25.2999992370605,-7.09999990463257,32.3999977111816,11.6833333969116,-1.14999997615814
"PI401017",40.60805556,43.0975,NA,117,5.19999980926514,16.4833335876465,-7.86666679382324,456,79,19,49.0419845581055,195,64,150,64,13.25,31.9277114868164,995.163269042969,26.3999996185303,-15.1000003814697,41.5,9.9166669845581,-7.86666679382324
"PI401018",40.60805556,43.0975,NA,118,5.19999980926514,16.4833335876465,-7.86666679382324,456,79,19,49.0419845581055,195,64,150,64,13.25,31.9277114868164,995.163269042969,26.3999996185303,-15.1000003814697,41.5,9.9166669845581,-7.86666679382324
"PI401019",39.94416667,32.78888889,NA,119,11.2333335876465,21.466667175293,0.916666626930237,388,50,10,39.8884811401367,129,38,57,125,12.4166669845581,35.8863182067871,836.859191894531,30.1000003814697,-4.5,34.5999984741211,10.4833335876465,21.0166664123535
"PI401020",39.78027778,30.50805556,NA,120,10.9958333969116,20.3833332061768,1.33333325386047,435,55,11,39.2905464172363,143,44,69,143,11.6416664123535,36.3802070617676,774.70068359375,28.5,-3.5,32,1.33333325386047,19.8999996185303
"PI401021",39.78027778,30.50805556,NA,121,10.9958333969116,20.3833332061768,1.33333325386047,435,55,11,39.2905464172363,143,44,69,143,11.6416664123535,36.3802070617676,774.70068359375,28.5,-3.5,32,1.33333325386047,19.8999996185303
"PI401023",45.14916667,39.58055556,NA,122,11.1625003814697,21.9500007629395,0.0666666626930237,773,84,50,17.6409397125244,236,163,197,210,9.35833358764648,28.4447822570801,889.898193359375,28.5,-4.40000009536743,32.9000015258789,1.83333337306976,5.68333292007446
"PI401121",36.64583333,51.40694444,NA,123,15.8958330154419,24.4333343505859,7.90000009536743,1172,226,30,62.1780166625977,543,118,236,264,7.27500009536743,28.529411315918,692.953063964844,29.5,4,25.5,17.783332824707,21.7000007629395
"PI401125",32.58777778,51.95611111,NA,124,15.8374996185303,26.8500003814697,4.61666679382324,136,27,0,80.5139846801758,69,2,3,65,14.875,37.7538070678711,898.3017578125,36.5999984741211,-2.79999995231628,39.3999977111816,6.08333349227905,26.1666660308838
"PI401126",34.31416667,47.065,NA,125,14.2166662216187,25.5,3.13333344459534,512,99,1,81.6952743530273,242,3,4,219,15.3999996185303,38.1188125610352,906.856018066406,36.7999992370605,-3.59999990463257,40.3999977111816,4.13333320617676,25.1333332061768
"PI401127",35.31722222,46.99888889,NA,126,12.9499998092651,24.966667175293,1.04999995231628,529,97,1,78.6526031494141,244,3,5,212,15.1166667938232,36.2509994506836,965.787475585938,35.9000015258789,-5.80000019073486,41.7000007629395,6.31666660308838,24.5499992370605
"PI401129",35.86638889,47.60861111,NA,127,10.375,22.4166679382324,-1.79999995231628,381,67,1,74.5680084228516,178,5,9,137,13.8833332061768,33.6974105834961,985.770385742188,32.9000015258789,-8.30000019073486,41.2000007629395,3.36666679382324,22.0166664123535
"PI401130",36.08833333,52.15194444,NA,128,11.7958335876465,23,0.183333322405815,255,43,5,54.0728530883789,103,18,21,85,10.7416667938232,29.9210777282715,928.004821777344,30.2999992370605,-5.59999990463257,35.8999977111816,5.71666669845581,22.466667175293
"PI401131",36.08833333,52.15194444,NA,129,11.7958335876465,23,0.183333322405815,255,43,5,54.0728530883789,103,18,21,85,10.7416667938232,29.9210777282715,928.004821777344,30.2999992370605,-5.59999990463257,35.8999977111816,5.71666669845581,22.466667175293
"PI401132",35.83833333,51.05361111,NA,130,14.2916669845581,26.1333332061768,1.96666657924652,253,47,2,68.9583969116211,114,7,10,101,11.5,30.1047115325928,976.021240234375,34.4000015258789,-3.79999995231628,38.2000007629395,3.46666669845581,25.4166679382324
"PI401133",35.83833333,51.05361111,NA,131,14.2916669845581,26.1333332061768,1.96666657924652,253,47,2,68.9583969116211,114,7,10,101,11.5,30.1047115325928,976.021240234375,34.4000015258789,-3.79999995231628,38.2000007629395,3.46666669845581,25.4166679382324
"PI401134",35.70111111,51.42944444,NA,132,16.6458339691162,28.2999992370605,4.76666688919067,252,43,2,69.8823776245117,117,7,10,110,9.77500057220459,27.3809509277344,951.750671386719,35.4000015258789,-0.300000011920929,35.7000007629395,6.25,27.3999996185303
"PI401135",35.70111111,51.42944444,NA,133,16.6458339691162,28.2999992370605,4.76666688919067,252,43,2,69.8823776245117,117,7,10,110,9.77500057220459,27.3809509277344,951.750671386719,35.4000015258789,-0.300000011920929,35.7000007629395,6.25,27.3999996185303
"PI401136",35.70111111,51.42944444,NA,134,16.6458339691162,28.2999992370605,4.76666688919067,252,43,2,69.8823776245117,117,7,10,110,9.77500057220459,27.3809509277344,951.750671386719,35.4000015258789,-0.300000011920929,35.7000007629395,6.25,27.3999996185303
"PI401137",34.08166667,49.70166667,NA,135,13.7291669845581,25.8500003814697,1.08333337306976,293,52,0,76.7228393554688,135,3,6,128,12.9749994277954,31.8796062469482,991.863403320312,35.2999992370605,-5.40000009536743,40.7000007629395,2.84999990463257,25.0833320617676
"PI401138",34.08166667,49.70166667,NA,136,13.7291669845581,25.8500003814697,1.08333337306976,293,52,0,76.7228393554688,135,3,6,128,12.9749994277954,31.8796062469482,991.863403320312,35.2999992370605,-5.40000009536743,40.7000007629395,2.84999990463257,25.0833320617676
"PI401139",34.08166667,49.70166667,NA,137,13.7291669845581,25.8500003814697,1.08333337306976,293,52,0,76.7228393554688,135,3,6,128,12.9749994277954,31.8796062469482,991.863403320312,35.2999992370605,-5.40000009536743,40.7000007629395,2.84999990463257,25.0833320617676
"PI401140",34.08166667,49.70166667,NA,138,13.7291669845581,25.8500003814697,1.08333337306976,293,52,0,76.7228393554688,135,3,6,128,12.9749994277954,31.8796062469482,991.863403320312,35.2999992370605,-5.40000009536743,40.7000007629395,2.84999990463257,25.0833320617676
"PI401141",33.48777778,48.35555556,NA,139,19.0583324432373,30.0499992370605,8.23333358764648,471,86,0,86.9734573364258,233,0,2,229,15.7333335876465,39.932315826416,886.517272949219,40.9000015258789,1.5,39.4000015258789,9.39999961853027,29.4500007629395
"PI401142",33.48777778,48.35555556,NA,140,19.0583324432373,30.0499992370605,8.23333358764648,471,86,0,86.9734573364258,233,0,2,229,15.7333335876465,39.932315826416,886.517272949219,40.9000015258789,1.5,39.4000015258789,9.39999961853027,29.4500007629395
"PI401143",33.48777778,48.35555556,NA,141,19.0583324432373,30.0499992370605,8.23333358764648,471,86,0,86.9734573364258,233,0,2,229,15.7333335876465,39.932315826416,886.517272949219,40.9000015258789,1.5,39.4000015258789,9.39999961853027,29.4500007629395
"PI401145",35.7625,51.9625,NA,142,11.5374994277954,23.6499996185303,-1.01666665077209,207,40,2,67.3579635620117,96,8,12,74,11.4583330154419,29.608097076416,996.779174804688,31.7999992370605,-6.90000009536743,38.7000007629395,5.08333301544189,22.9333324432373
"PI401147",35.7625,51.9625,NA,143,11.5374994277954,23.6499996185303,-1.01666665077209,207,40,2,67.3579635620117,96,8,12,74,11.4583330154419,29.608097076416,996.779174804688,31.7999992370605,-6.90000009536743,38.7000007629395,5.08333301544189,22.9333324432373
"PI401149",37.15,54.88333333,NA,144,17.625,27.2999992370605,8.0833330154419,367,59,6,54.6985244750977,154,22,34,133,11.1166667938232,35.4033966064453,801.525512695312,34.0999984741211,2.70000004768372,31.3999977111816,8.46666622161865,27.2333335876465
"PI401150",37.47777778,57.32333333,NA,145,13.2250003814697,24.4333324432373,1.91666674613953,341,55,9,53.0901298522949,142,30,33,115,12.5666666030884,33.9639663696289,910.358276367188,32.5999984741211,-4.40000009536743,37,7.40000009536743,23.5999984741211
"PI401151",37.33916667,56.25694444,NA,146,12.966667175293,23.6166667938232,1.98333323001862,295,53,5,65.1184387207031,136,19,21,106,12.75,35.8146057128906,875.568237304688,31.6000003814697,-4,35.5999984741211,7.18333339691162,23.033332824707
"PI401152",37.33916667,56.25694444,NA,147,12.966667175293,23.6166667938232,1.98333323001862,295,53,5,65.1184387207031,136,19,21,106,12.75,35.8146057128906,875.568237304688,31.6000003814697,-4,35.5999984741211,7.18333339691162,23.033332824707
"PI401153",36.41805556,54.97638889,NA,148,14.4375,25.6166667938232,2.56666684150696,184,35,2,68.8399200439453,86,8,11,66,11.6583337783813,32.2945518493652,930.137145996094,33,-3.09999990463257,36.0999984741211,14.1999998092651,24.7666664123535
"PI401154",36.41805556,54.97638889,NA,149,14.4375,25.6166667938232,2.56666684150696,184,35,2,68.8399200439453,86,8,11,66,11.6583337783813,32.2945518493652,930.137145996094,33,-3.09999990463257,36.0999984741211,14.1999998092651,24.7666664123535
"PI401155",36.41805556,54.97638889,NA,150,14.4375,25.6166667938232,2.56666684150696,184,35,2,68.8399200439453,86,8,11,66,11.6583337783813,32.2945518493652,930.137145996094,33,-3.09999990463257,36.0999984741211,14.1999998092651,24.7666664123535
"PI401156",36.41805556,54.97638889,NA,151,14.4375,25.6166667938232,2.56666684150696,184,35,2,68.8399200439453,86,8,11,66,11.6583337783813,32.2945518493652,930.137145996094,33,-3.09999990463257,36.0999984741211,14.1999998092651,24.7666664123535
"PI401157",36.41805556,54.97638889,NA,152,14.4375,25.6166667938232,2.56666684150696,184,35,2,68.8399200439453,86,8,11,66,11.6583337783813,32.2945518493652,930.137145996094,33,-3.09999990463257,36.0999984741211,14.1999998092651,24.7666664123535
"PI401158",35.82694444,50.98027778,NA,153,14.9333333969116,26.5166664123535,2.90000009536743,283,49,3,66.1497955322266,124,10,13,114,11.0500001907349,29.7042999267578,954.387817382812,34.5,-2.70000004768372,37.2000007629395,4.36666679382324,25.7999992370605
"PI401159",35.82694444,50.98027778,NA,154,14.9333333969116,26.5166664123535,2.90000009536743,283,49,3,66.1497955322266,124,10,13,114,11.0500001907349,29.7042999267578,954.387817382812,34.5,-2.70000004768372,37.2000007629395,4.36666679382324,25.7999992370605
"PI401160",35.82694444,50.98027778,NA,155,14.9333333969116,26.5166664123535,2.90000009536743,283,49,3,66.1497955322266,124,10,13,114,11.0500001907349,29.7042999267578,954.387817382812,34.5,-2.70000004768372,37.2000007629395,4.36666679382324,25.7999992370605
"PI401161",35.82694444,50.98027778,NA,156,14.9333333969116,26.5166664123535,2.90000009536743,283,49,3,66.1497955322266,124,10,13,114,11.0500001907349,29.7042999267578,954.387817382812,34.5,-2.70000004768372,37.2000007629395,4.36666679382324,25.7999992370605
"PI401162",35.82694444,50.98027778,NA,157,14.9333333969116,26.5166664123535,2.90000009536743,283,49,3,66.1497955322266,124,10,13,114,11.0500001907349,29.7042999267578,954.387817382812,34.5,-2.70000004768372,37.2000007629395,4.36666679382324,25.7999992370605
"PI401164",35.7625,51.9625,NA,158,11.5374994277954,23.6499996185303,-1.01666665077209,207,40,2,67.3579635620117,96,8,12,74,11.4583330154419,29.608097076416,996.779174804688,31.7999992370605,-6.90000009536743,38.7000007629395,5.08333301544189,22.9333324432373
"PI401165",35.5725,53.39861111,NA,159,18.0416660308838,30.3333339691162,5.28333330154419,239,34,5,50.9422264099121,96,19,19,90,11.283332824707,29.4603996276855,1013.60034179688,37.7000007629395,-0.600000023841858,38.2999992370605,6.93333292007446,30.3333339691162
"PI401166",35.5725,53.39861111,NA,160,18.0416660308838,30.3333339691162,5.28333330154419,239,34,5,50.9422264099121,96,19,19,90,11.283332824707,29.4603996276855,1013.60034179688,37.7000007629395,-0.600000023841858,38.2999992370605,6.93333292007446,30.3333339691162
"PI401167",38.06666667,46.3,NA,161,12.3291664123535,24.6499996185303,-0.433333337306976,278,48,3,58.4348907470703,126,15,28,66,10.875,28.1735744476318,1018.78375244141,32.7000007629395,-5.90000009536743,38.6000022888184,11.0666666030884,24.3500003814697
"PI401168",38.55027778,44.95222222,NA,162,11.7875003814697,23,-0.283333271741867,313,56,6,57.7284927368164,145,25,42,66,12.0416669845581,32.1111106872559,938.051940917969,31.2999992370605,-6.19999980926514,37.5,11.3666667938232,22.5666675567627
"PI401169",38.38333333,46.3,NA,163,8.6458330154419,20.783332824707,-4.09999990463257,304,52,5,57.3252716064453,140,22,22,63,10.8916664123535,28.1438407897949,1016.20385742188,29.1000003814697,-9.60000038146973,38.7000007629395,7.05000019073486,20.783332824707
"PI401170",38.4775,47.07,NA,164,10.7875003814697,21.6666660308838,-0.566666662693024,351,60,9,50.3941268920898,145,35,55,69,11.7916669845581,32.2176704406738,903.345092773438,30,-6.59999990463257,36.5999984741211,9.9166669845581,21.3166656494141
"PI401171",38.4775,47.07,NA,165,10.7875003814697,21.6666660308838,-0.566666662693024,351,60,9,50.3941268920898,145,35,55,69,11.7916669845581,32.2176704406738,903.345092773438,30,-6.59999990463257,36.5999984741211,9.9166669845581,21.3166656494141
"PI401172",38.25,47.92,NA,166,1.01666676998138,11.5666666030884,-9.43333339691162,453,83,18,55.959228515625,210,61,61,108,10.6333332061768,30.380952835083,870.457885742188,20.1000003814697,-14.8999996185303,35,-1.69999992847443,11.5666666030884
"PI401173",38.25,47.92,NA,167,1.01666676998138,11.5666666030884,-9.43333339691162,453,83,18,55.959228515625,210,61,61,108,10.6333332061768,30.380952835083,870.457885742188,20.1000003814697,-14.8999996185303,35,-1.69999992847443,11.5666666030884
"PI401174",36.08805556,52.15166667,NA,168,11.7958335876465,23,0.183333322405815,255,43,5,54.0728530883789,103,18,21,85,10.7416667938232,29.9210777282715,928.004821777344,30.2999992370605,-5.59999990463257,35.8999977111816,5.71666669845581,22.466667175293
"PI401175",36.08805556,52.15166667,NA,169,11.7958335876465,23,0.183333322405815,255,43,5,54.0728530883789,103,18,21,85,10.7416667938232,29.9210777282715,928.004821777344,30.2999992370605,-5.59999990463257,35.8999977111816,5.71666669845581,22.466667175293
"PI401176",36.28416667,51.23333333,NA,170,11.3958330154419,21.9500007629395,0.416666746139526,312,51,6,53.3454895019531,124,22,25,103,9.82499980926514,29.2410717010498,875.295959472656,28.8999996185303,-4.69999980926514,33.5999984741211,5.46666669845581,21.533332824707
"PI401177",36.24388889,57.97583333,NA,171,15.7875003814697,27.25,3.84999990463257,250,49,1,79.6863632202148,130,6,9,116,13.4916667938232,35.0432929992676,948.276245117188,35.5999984741211,-2.90000009536743,38.5,5.34999990463257,26.3166675567627
"PI401178",33.75777778,50.29166667,NA,172,12.9708337783813,23.8000011444092,2.09999990463257,193,35,0,78.5928955078125,99,3,3,90,14.1583337783813,36.966926574707,883.336791992188,34,-4.30000019073486,38.2999992370605,3.18333315849304,23.8000011444092
"PI401179",34.24416667,46.69166667,NA,173,13.5333337783813,24.7999992370605,2.54999995231628,525,103,1,85.1411056518555,264,3,3,239,14.0833330154419,36.3910446166992,906.963806152344,35.0999984741211,-3.59999990463257,38.6999969482422,3.29999995231628,24.7999992370605
"PI401180",34.78861111,46.975,NA,174,13.5208330154419,25.5166664123535,1.85000014305115,517,100,1,81.8720932006836,251,3,4,222,15.7749996185303,37.4703102111816,960.971252441406,37,-5.09999990463257,42.0999984741211,2.75,25.1666679382324
"PI401181",35.68444444,47.10722222,NA,175,9.27916622161865,21.3833332061768,-2.95000004768372,444,83,1,76.6163024902344,207,4,7,166,14.2583332061768,34.1926460266113,992.245971679688,32.2999992370605,-9.39999961853027,41.6999969482422,2.04999995231628,21.1166667938232
"PI401182",35.68444444,47.10722222,NA,176,9.27916622161865,21.3833332061768,-2.95000004768372,444,83,1,76.6163024902344,207,4,7,166,14.2583332061768,34.1926460266113,992.245971679688,32.2999992370605,-9.39999961853027,41.6999969482422,2.04999995231628,21.1166667938232
"PI401183",36.19861111,46.3475,NA,177,11.1499996185303,22.75,-1.08333337306976,533,96,1,77.0067672729492,244,5,8,209,14.8500003814697,36.0436897277832,963.39599609375,33.7999992370605,-7.40000009536743,41.2000007629395,4.69999980926514,22.5499992370605
"PI401185",36.31444444,49.05861111,NA,178,11.2749996185303,21.8999996185303,0.316666603088379,303,55,3,71.3274917602539,142,11,14,102,14.1666669845581,37.7777786254883,876.660766601562,31.7000007629395,-5.80000019073486,37.5,9.60000038146973,21.3500003814697
"PI401186",36.31444444,49.05861111,NA,179,11.2749996185303,21.8999996185303,0.316666603088379,303,55,3,71.3274917602539,142,11,14,102,14.1666669845581,37.7777786254883,876.660766601562,31.7000007629395,-5.80000019073486,37.5,9.60000038146973,21.3500003814697
"PI401187",36.59027778,49.98916667,NA,180,14.7666664123535,24.8666667938232,4.78333330154419,456,67,10,55.5453948974609,173,31,31,159,12.1999998092651,35.8823547363281,822.994323730469,33.5,-0.5,34,6.83333349227905,24.8666667938232
"PI401188",36.59027778,49.98916667,NA,181,14.7666664123535,24.8666667938232,4.78333330154419,456,67,10,55.5453948974609,173,31,31,159,12.1999998092651,35.8823547363281,822.994323730469,33.5,-0.5,34,6.83333349227905,24.8666667938232
"PI401189",36.06111111,51.24222222,NA,182,5.0625,16.9500007629395,-7.01666688919067,257,51,2,73.4850082397461,136,14,21,70,11.2416667938232,29.505687713623,975.080688476562,25.2999992370605,-12.8000001907349,38.0999984741211,3.53333330154419,16.4833335876465
"PI401190",35.99833333,51.48138889,NA,183,8.61666679382324,20.6499996185303,-3.96666669845581,241,47,2,68.7474365234375,116,10,15,75,11.1833333969116,29.1232643127441,996.802490234375,28.7999992370605,-9.60000038146973,38.4000015258789,7.56666660308838,20.1000003814697
"PI401191",36.13611111,51.46777778,NA,184,1.67083334922791,13.4833335876465,-10.1666669845581,278,51,2,71.8626556396484,149,20,31,68,11.0916662216187,29.4208679199219,966.430786132812,21.7999992370605,-15.8999996185303,37.6999969482422,0.0333333574235439,13.0666666030884
"PI401192",36.13611111,51.46777778,NA,185,1.67083334922791,13.4833335876465,-10.1666669845581,278,51,2,71.8626556396484,149,20,31,68,11.0916662216187,29.4208679199219,966.430786132812,21.7999992370605,-15.8999996185303,37.6999969482422,0.0333333574235439,13.0666666030884
"PI401193",35.8875,51.86027778,NA,186,7.37916660308838,19.966667175293,-6.01666641235352,218,44,2,71.0803375244141,110,11,16,65,11.158332824707,27.7570476531982,1053.732421875,28.2999992370605,-11.8999996185303,40.1999969482422,6.48333311080933,19.3666667938232
"PI401194",33.68166667,48.68194444,NA,187,12.0416669845581,23.1166667938232,1.28333330154419,342,63,0,80.6401519775391,165,2,9,150,14.8333330154419,38.0341873168945,884.43310546875,33.5,-5.5,39,2.08333325386047,22.6499996185303
"PI401195",33.68166667,48.68194444,NA,188,12.0416669845581,23.1166667938232,1.28333330154419,342,63,0,80.6401519775391,165,2,9,150,14.8333330154419,38.0341873168945,884.43310546875,33.5,-5.5,39,2.08333325386047,22.6499996185303
"PI401196",33.04361111,48.83222222,NA,189,16.8333339691162,28.033332824707,5.58333301544189,389,70,0,89.014762878418,200,2,4,198,14.25,36.6323890686035,913.639892578125,37.9000015258789,-1,38.9000015258789,6.56666660308838,27.5499992370605
"PI401197",32.62,48.87833333,NA,190,21.6124992370605,32.8333320617676,9.9166669845581,425,86,0,99.0391387939453,243,0,1,243,14.7083330154419,37.3307952880859,937.540588378906,42.9000015258789,3.5,39.4000015258789,9.9166669845581,32.3666687011719
"PI401198",32.62,48.87833333,NA,191,21.6124992370605,32.8333320617676,9.9166669845581,425,86,0,99.0391387939453,243,0,1,243,14.7083330154419,37.3307952880859,937.540588378906,42.9000015258789,3.5,39.4000015258789,9.9166669845581,32.3666687011719
"PI401199",33.23694444,48.70333333,NA,192,14.0249996185303,25.1499996185303,3.09999990463257,375,69,0,84.5067901611328,188,2,6,177,14.1000003814697,36.6233749389648,896.060852050781,34.9000015258789,-3.59999990463257,38.5,3.94999980926514,24.6833343505859
"PI401200",33.23694444,48.70333333,NA,193,14.0249996185303,25.1499996185303,3.09999990463257,375,69,0,84.5067901611328,188,2,6,177,14.1000003814697,36.6233749389648,896.060852050781,34.9000015258789,-3.59999990463257,38.5,3.94999980926514,24.6833343505859
"PI401201",33.23694444,48.70333333,NA,194,14.0249996185303,25.1499996185303,3.09999990463257,375,69,0,84.5067901611328,188,2,6,177,14.1000003814697,36.6233749389648,896.060852050781,34.9000015258789,-3.59999990463257,38.5,3.94999980926514,24.6833343505859
"PI401202",33.23694444,48.70333333,NA,195,14.0249996185303,25.1499996185303,3.09999990463257,375,69,0,84.5067901611328,188,2,6,177,14.1000003814697,36.6233749389648,896.060852050781,34.9000015258789,-3.59999990463257,38.5,3.94999980926514,24.6833343505859
"PI401203",33.23694444,48.70333333,NA,196,14.0249996185303,25.1499996185303,3.09999990463257,375,69,0,84.5067901611328,188,2,6,177,14.1000003814697,36.6233749389648,896.060852050781,34.9000015258789,-3.59999990463257,38.5,3.94999980926514,24.6833343505859
"PI401204",33.23694444,48.70333333,NA,197,14.0249996185303,25.1499996185303,3.09999990463257,375,69,0,84.5067901611328,188,2,6,177,14.1000003814697,36.6233749389648,896.060852050781,34.9000015258789,-3.59999990463257,38.5,3.94999980926514,24.6833343505859
"PI401205",34.62,50.87833333,NA,198,17.6333332061768,29.0999984741211,5.75,220,39,1,75.1929779052734,108,3,5,103,11.9499998092651,31.8666667938232,943.548278808594,37.5999984741211,0.100000001490116,37.5,7.31666660308838,28.4833335876465
"PI401206",34.62,50.87833333,NA,199,17.6333332061768,29.0999984741211,5.75,220,39,1,75.1929779052734,108,3,5,103,11.9499998092651,31.8666667938232,943.548278808594,37.5999984741211,0.100000001490116,37.5,7.31666660308838,28.4833335876465
"PI401207",34.62,50.87833333,NA,200,17.6333332061768,29.0999984741211,5.75,220,39,1,75.1929779052734,108,3,5,103,11.9499998092651,31.8666667938232,943.548278808594,37.5999984741211,0.100000001490116,37.5,7.31666660308838,28.4833335876465
"PI401208",34.62,50.87833333,NA,201,17.6333332061768,29.0999984741211,5.75,220,39,1,75.1929779052734,108,3,5,103,11.9499998092651,31.8666667938232,943.548278808594,37.5999984741211,0.100000001490116,37.5,7.31666660308838,28.4833335876465
"PI401209",34.62,50.87833333,NA,202,17.6333332061768,29.0999984741211,5.75,220,39,1,75.1929779052734,108,3,5,103,11.9499998092651,31.8666667938232,943.548278808594,37.5999984741211,0.100000001490116,37.5,7.31666660308838,28.4833335876465
"PI401210",34.62,50.87833333,NA,203,17.6333332061768,29.0999984741211,5.75,220,39,1,75.1929779052734,108,3,5,103,11.9499998092651,31.8666667938232,943.548278808594,37.5999984741211,0.100000001490116,37.5,7.31666660308838,28.4833335876465
"PI401211",34.62,50.87833333,NA,204,17.6333332061768,29.0999984741211,5.75,220,39,1,75.1929779052734,108,3,5,103,11.9499998092651,31.8666667938232,943.548278808594,37.5999984741211,0.100000001490116,37.5,7.31666660308838,28.4833335876465
"PI401212",34.62,50.87833333,NA,205,17.6333332061768,29.0999984741211,5.75,220,39,1,75.1929779052734,108,3,5,103,11.9499998092651,31.8666667938232,943.548278808594,37.5999984741211,0.100000001490116,37.5,7.31666660308838,28.4833335876465
"PI401213",33.95277778,49.06388889,NA,206,10.7749996185303,22.283332824707,-0.649999976158142,288,52,1,77.1303482055664,134,3,10,120,14.9333333969116,36.963695526123,924.936096191406,33,-7.40000009536743,40.4000015258789,0.333333343267441,21.7999992370605
"PI401214",36.13555556,52.30777778,NA,207,15.2541666030884,25.7999992370605,4.58333349227905,361,46,8,47.3710136413574,132,32,32,127,9.90833377838135,30.0252532958984,865.207397460938,32.2999992370605,-0.699999988079071,33,10.716667175293,25.7999992370605
"PI401215",36.13555556,52.30777778,NA,208,15.2541666030884,25.7999992370605,4.58333349227905,361,46,8,47.3710136413574,132,32,32,127,9.90833377838135,30.0252532958984,865.207397460938,32.2999992370605,-0.699999988079071,33,10.716667175293,25.7999992370605
"PI401216",37.19694444,55.57166667,NA,209,14.5874996185303,23.6666660308838,5.2999997138977,312,57,3,68.1100769042969,147,15,18,114,10.3416662216187,34.3576965332031,755.829223632812,30.5,0.400000005960464,30.1000003814697,8.89999961853027,23.6166667938232
"PI401217",37.19694444,55.57166667,NA,210,14.5874996185303,23.6666660308838,5.2999997138977,312,57,3,68.1100769042969,147,15,18,114,10.3416662216187,34.3576965332031,755.829223632812,30.5,0.400000005960464,30.1000003814697,8.89999961853027,23.6166667938232
"PI401218",37.19694444,55.57166667,NA,211,14.5874996185303,23.6666660308838,5.2999997138977,312,57,3,68.1100769042969,147,15,18,114,10.3416662216187,34.3576965332031,755.829223632812,30.5,0.400000005960464,30.1000003814697,8.89999961853027,23.6166667938232
"PI401219",37.19694444,55.57166667,NA,212,14.5874996185303,23.6666660308838,5.2999997138977,312,57,3,68.1100769042969,147,15,18,114,10.3416662216187,34.3576965332031,755.829223632812,30.5,0.400000005960464,30.1000003814697,8.89999961853027,23.6166667938232
"PI401220",37.19694444,55.57166667,NA,213,14.5874996185303,23.6666660308838,5.2999997138977,312,57,3,68.1100769042969,147,15,18,114,10.3416662216187,34.3576965332031,755.829223632812,30.5,0.400000005960464,30.1000003814697,8.89999961853027,23.6166667938232
"PI401221",37.36138889,56.20027778,NA,214,11.9166669845581,22.533332824707,1.03333330154419,278,50,5,65.2318496704102,129,18,22,97,12.5166664123535,35.3578147888184,870.98779296875,30.5,-4.90000009536743,35.4000015258789,6.11666679382324,21.9500007629395
"PI401222",37.36138889,56.20027778,NA,215,11.9166669845581,22.533332824707,1.03333330154419,278,50,5,65.2318496704102,129,18,22,97,12.5166664123535,35.3578147888184,870.98779296875,30.5,-4.90000009536743,35.4000015258789,6.11666679382324,21.9500007629395
"PI401223",37.36138889,56.20027778,NA,216,11.9166669845581,22.533332824707,1.03333330154419,278,50,5,65.2318496704102,129,18,22,97,12.5166664123535,35.3578147888184,870.98779296875,30.5,-4.90000009536743,35.4000015258789,6.11666679382324,21.9500007629395
"PI401225",36.98916667,55.06194444,NA,217,16.1749992370605,25.0499992370605,7.41666650772095,379,65,5,60.7987976074219,166,19,29,137,9.36666679382324,32.6364707946777,730.16650390625,31.2999992370605,2.59999990463257,28.6999988555908,10.3833332061768,24.7666664123535
"PI401226",36.98916667,55.06194444,NA,218,16.1749992370605,25.0499992370605,7.41666650772095,379,65,5,60.7987976074219,166,19,29,137,9.36666679382324,32.6364707946777,730.16650390625,31.2999992370605,2.59999990463257,28.6999988555908,10.3833332061768,24.7666664123535
"PI401227",36.98916667,55.06194444,NA,219,16.1749992370605,25.0499992370605,7.41666650772095,379,65,5,60.7987976074219,166,19,29,137,9.36666679382324,32.6364707946777,730.16650390625,31.2999992370605,2.59999990463257,28.6999988555908,10.3833332061768,24.7666664123535
"PI401228",36.98916667,55.06194444,NA,220,16.1749992370605,25.0499992370605,7.41666650772095,379,65,5,60.7987976074219,166,19,29,137,9.36666679382324,32.6364707946777,730.16650390625,31.2999992370605,2.59999990463257,28.6999988555908,10.3833332061768,24.7666664123535
"PI401230",36.98916667,55.06194444,NA,221,16.1749992370605,25.0499992370605,7.41666650772095,379,65,5,60.7987976074219,166,19,29,137,9.36666679382324,32.6364707946777,730.16650390625,31.2999992370605,2.59999990463257,28.6999988555908,10.3833332061768,24.7666664123535
"PI401231",36.98916667,55.06194444,NA,222,16.1749992370605,25.0499992370605,7.41666650772095,379,65,5,60.7987976074219,166,19,29,137,9.36666679382324,32.6364707946777,730.16650390625,31.2999992370605,2.59999990463257,28.6999988555908,10.3833332061768,24.7666664123535
"PI401232",36.21694444,51.29944444,NA,223,9.05416679382324,20.3666667938232,-2.86666655540466,273,50,4,60.2220344543457,120,16,21,85,10.6416664123535,29.3968696594238,943.806274414062,28,-8.19999980926514,36.2000007629395,8.10000038146973,19.9333343505859
"PI401233",36.21694444,51.29944444,NA,224,9.05416679382324,20.3666667938232,-2.86666655540466,273,50,4,60.2220344543457,120,16,21,85,10.6416664123535,29.3968696594238,943.806274414062,28,-8.19999980926514,36.2000007629395,8.10000038146973,19.9333343505859
"PI401234",36.21694444,51.29944444,NA,225,9.05416679382324,20.3666667938232,-2.86666655540466,273,50,4,60.2220344543457,120,16,21,85,10.6416664123535,29.3968696594238,943.806274414062,28,-8.19999980926514,36.2000007629395,8.10000038146973,19.9333343505859
"PI401235",36.21694444,51.29944444,NA,226,9.05416679382324,20.3666667938232,-2.86666655540466,273,50,4,60.2220344543457,120,16,21,85,10.6416664123535,29.3968696594238,943.806274414062,28,-8.19999980926514,36.2000007629395,8.10000038146973,19.9333343505859
"PI401236",36.21694444,51.29944444,NA,227,9.05416679382324,20.3666667938232,-2.86666655540466,273,50,4,60.2220344543457,120,16,21,85,10.6416664123535,29.3968696594238,943.806274414062,28,-8.19999980926514,36.2000007629395,8.10000038146973,19.9333343505859
"PI401237",36.21694444,51.29944444,NA,228,9.05416679382324,20.3666667938232,-2.86666655540466,273,50,4,60.2220344543457,120,16,21,85,10.6416664123535,29.3968696594238,943.806274414062,28,-8.19999980926514,36.2000007629395,8.10000038146973,19.9333343505859
"PI401238",36.21694444,51.29944444,NA,229,9.05416679382324,20.3666667938232,-2.86666655540466,273,50,4,60.2220344543457,120,16,21,85,10.6416664123535,29.3968696594238,943.806274414062,28,-8.19999980926514,36.2000007629395,8.10000038146973,19.9333343505859
"PI401239",36.21694444,51.29944444,NA,230,9.05416679382324,20.3666667938232,-2.86666655540466,273,50,4,60.2220344543457,120,16,21,85,10.6416664123535,29.3968696594238,943.806274414062,28,-8.19999980926514,36.2000007629395,8.10000038146973,19.9333343505859
"PI401240",36.21694444,51.29944444,NA,231,9.05416679382324,20.3666667938232,-2.86666655540466,273,50,4,60.2220344543457,120,16,21,85,10.6416664123535,29.3968696594238,943.806274414062,28,-8.19999980926514,36.2000007629395,8.10000038146973,19.9333343505859
"PI401241",36.21694444,51.29944444,NA,232,9.05416679382324,20.3666667938232,-2.86666655540466,273,50,4,60.2220344543457,120,16,21,85,10.6416664123535,29.3968696594238,943.806274414062,28,-8.19999980926514,36.2000007629395,8.10000038146973,19.9333343505859
"PI401242",35.9775,52.04694444,NA,233,2.94583344459534,14.966667175293,-9.35000038146973,246,46,2,73.098762512207,133,16,25,61,11.0583333969116,28.872932434082,991.088623046875,23,-15.3000001907349,38.2999992370605,1.63333320617676,14.4500007629395
"PI401243",36.33805556,53.34805556,NA,234,16.5499992370605,26.5166664123535,6.31666660308838,454,61,13,44.3151588439941,174,50,50,152,9.44999980926514,30.3858528137207,827.125366210938,32,0.899999976158142,31.1000003814697,12.3500003814697,26.5166664123535
"PI401244",38.39305556,47.63583333,NA,235,9.7291669845581,19.7333335876465,-0.916666686534882,361,61,11,47.2317695617676,146,44,56,67,11.7750005722046,32.8910598754883,836.710205078125,28.7000007629395,-7.09999990463257,35.7999992370605,9.06666660308838,19.4166679382324
"PI440001",43.88444444,41.73027778,NA,236,7.34999990463257,16.8833332061768,-2.86666679382324,710,112,22,51.7828407287598,297,75,294,75,12.8166666030884,37.3663749694824,800.871704101562,24.6000003814697,-9.69999980926514,34.2999992370605,15.1499996185303,-2.86666679382324
"PI440002",43.88444444,41.73027778,NA,237,7.34999990463257,16.8833332061768,-2.86666679382324,710,112,22,51.7828407287598,297,75,294,75,12.8166666030884,37.3663749694824,800.871704101562,24.6000003814697,-9.69999980926514,34.2999992370605,15.1499996185303,-2.86666679382324
"PI440003",44.80916667,42.03333333,NA,238,8.6666669845581,19.3500003814697,-2.21666669845581,546,90,20,45.467472076416,220,69,211,70,9.11666679382324,27.7947158813477,879.608215332031,25.7999992370605,-7,32.7999992370605,17.3999996185303,-1.33333337306976
"PI440004",45.05,41.96666667,NA,239,9.22083377838135,20.3999996185303,-2.03333330154419,552,86,23,39.6390991210938,213,75,200,81,9.02499961853027,26.8601188659668,914.828491210938,27,-6.59999990463257,33.5999984741211,18.3999996185303,-1.16666662693024
"PI440005",45.05,41.96666667,NA,240,9.22083377838135,20.3999996185303,-2.03333330154419,552,86,23,39.6390991210938,213,75,200,81,9.02499961853027,26.8601188659668,914.828491210938,27,-6.59999990463257,33.5999984741211,18.3999996185303,-1.16666662693024
"PI440006",45.04972222,41.96666667,NA,241,9.22083377838135,20.3999996185303,-2.03333330154419,552,86,23,39.6390991210938,213,75,200,81,9.02499961853027,26.8601188659668,914.828491210938,27,-6.59999990463257,33.5999984741211,18.3999996185303,-1.16666662693024
"PI440007",45.04972222,41.96666667,NA,242,9.22083377838135,20.3999996185303,-2.03333330154419,552,86,23,39.6390991210938,213,75,200,81,9.02499961853027,26.8601188659668,914.828491210938,27,-6.59999990463257,33.5999984741211,18.3999996185303,-1.16666662693024
"PI440008",45.05444444,41.99361111,NA,243,9.46666622161865,20.7333335876465,-1.88333332538605,553,86,24,38.4915542602539,211,77,198,84,9.14999961853027,26.9911499023438,921.901062011719,27.5,-6.40000009536743,33.9000015258789,18.716667175293,-0.98333340883255
"PI440009",45.05444444,41.99361111,NA,244,9.46666622161865,20.7333335876465,-1.88333332538605,553,86,24,38.4915542602539,211,77,198,84,9.14999961853027,26.9911499023438,921.901062011719,27.5,-6.40000009536743,33.9000015258789,18.716667175293,-0.98333340883255
"PI440010",45.05194444,41.97972222,NA,245,9.5,20.7333335876465,-1.83333337306976,548,84,23,38.0191345214844,208,76,194,83,9.05000019073486,26.7751483917236,920.007385253906,27.3999996185303,-6.40000009536743,33.7999992370605,18.716667175293,-0.933333337306976
"PI440011",45.335,42.85444444,NA,246,10.6041669845581,22.466667175293,-1.20000004768372,456,71,21,38.1573066711426,173,69,167,74,9.97500038146973,28.0985908508301,964.01025390625,30.2000007629395,-5.30000019073486,35.5,20.466667175293,-0.116666734218597
"PI440012",44.80916667,42.03333333,NA,247,8.6666669845581,19.3500003814697,-2.21666669845581,546,90,20,45.467472076416,220,69,211,70,9.11666679382324,27.7947158813477,879.608215332031,25.7999992370605,-7,32.7999992370605,17.3999996185303,-1.33333337306976
"PI440013",44.80916667,42.03333333,NA,248,8.6666669845581,19.3500003814697,-2.21666669845581,546,90,20,45.467472076416,220,69,211,70,9.11666679382324,27.7947158813477,879.608215332031,25.7999992370605,-7,32.7999992370605,17.3999996185303,-1.33333337306976
"PI440014",45.02611111,43.7,NA,249,9.91250038146973,22.533332824707,-2.5,430,65,19,37.5627555847168,162,63,160,68,10.0416669845581,27.0664863586426,1018.28314208984,30.6000003814697,-6.5,37.0999984741211,20.1166667938232,-1.33333337306976
"PI440015",45.08138889,43.04305556,NA,250,9.72500038146973,21.5666656494141,-2.11666655540466,457,70,20,38.9942359924316,174,65,167,69,9.88333320617676,27.8403759002686,964.806884765625,29.2999992370605,-6.19999980926514,35.5,19.4500007629395,-1.04999995231628
"PI440016",45.08138889,43.04305556,NA,251,9.72500038146973,21.5666656494141,-2.11666655540466,457,70,20,38.9942359924316,174,65,167,69,9.88333320617676,27.8403759002686,964.806884765625,29.2999992370605,-6.19999980926514,35.5,19.4500007629395,-1.04999995231628
"PI440017",45.08138889,43.04305556,NA,252,9.72500038146973,21.5666656494141,-2.11666655540466,457,70,20,38.9942359924316,174,65,167,69,9.88333320617676,27.8403759002686,964.806884765625,29.2999992370605,-6.19999980926514,35.5,19.4500007629395,-1.04999995231628
"PI440018",45.08138889,43.04305556,NA,253,9.72500038146973,21.5666656494141,-2.11666655540466,457,70,20,38.9942359924316,174,65,167,69,9.88333320617676,27.8403759002686,964.806884765625,29.2999992370605,-6.19999980926514,35.5,19.4500007629395,-1.04999995231628
"PI440019",44.78361111,45.51888889,NA,254,11.2083330154419,24.3166656494141,-1.76666676998138,291,41,15,33.3120880126953,107,49,105,50,10.3000001907349,27.034122467041,1057.93713378906,32.2999992370605,-5.80000019073486,38.0999984741211,22.1499996185303,-0.566666722297668
"PI440021",42.9,71.36666667,NA,255,10.8916664123535,24.2333335876465,-2.31666660308838,310,48,5,47.667797088623,122,24,37,83,12.8500003814697,30.235294342041,1074.47204589844,33.7000007629395,-8.80000019073486,42.5,11.0333337783813,22.533332824707
"PI440022",42.31666667,69.59583333,NA,256,13.5083332061768,26,0.800000011920929,474,71,3,61.1238632202148,187,18,24,168,12.7999992370605,31.6831684112549,1011.02294921875,34.7999992370605,-5.59999990463257,40.3999977111816,7.94999980926514,24.5833339691162
"PI440023",42.35,69.66666667,NA,257,13.0874996185303,25.5166664123535,0.316666722297668,492,75,4,60.2937202453613,194,21,26,168,12.8916664123535,31.752872467041,1010.88195800781,34.4000015258789,-6.19999980926514,40.6000022888184,13.4499998092651,24.283332824707
"PI440024",42.31666667,69.59583333,NA,258,13.5083332061768,26,0.800000011920929,474,71,3,61.1238632202148,187,18,24,168,12.7999992370605,31.6831684112549,1011.02294921875,34.7999992370605,-5.59999990463257,40.3999977111816,7.94999980926514,24.5833339691162
"PI440025",42.31666667,69.59583333,NA,259,13.5083332061768,26,0.800000011920929,474,71,3,61.1238632202148,187,18,24,168,12.7999992370605,31.6831684112549,1011.02294921875,34.7999992370605,-5.59999990463257,40.3999977111816,7.94999980926514,24.5833339691162
"PI440026",42.31666667,69.59583333,NA,260,13.5083332061768,26,0.800000011920929,474,71,3,61.1238632202148,187,18,24,168,12.7999992370605,31.6831684112549,1011.02294921875,34.7999992370605,-5.59999990463257,40.3999977111816,7.94999980926514,24.5833339691162
"PI440027",44.69944444,41.89944444,NA,261,10.3500003814697,21.3333339691162,-0.866666674613953,560,87,24,38.6351051330566,208,81,208,85,10.0833330154419,29.2270526885986,902.033081054688,28.5,-6,34.5,21.3333339691162,0.266666680574417
"PI440028",44.69944444,41.89944444,NA,262,10.3500003814697,21.3333339691162,-0.866666674613953,560,87,24,38.6351051330566,208,81,208,85,10.0833330154419,29.2270526885986,902.033081054688,28.5,-6,34.5,21.3333339691162,0.266666680574417
"PI440029",45.02194444,41.02555556,NA,263,10.7375001907349,21.6499996185303,-0.75,630,84,30,28.4199333190918,219,104,206,115,10.7250003814697,30.7306594848633,909.533142089844,29.2999992370605,-5.59999990463257,34.8999977111816,19.6499996185303,0.633333325386047
"PI440030",45.02194444,41.02555556,NA,264,10.7375001907349,21.6499996185303,-0.75,630,84,30,28.4199333190918,219,104,206,115,10.7250003814697,30.7306594848633,909.533142089844,29.2999992370605,-5.59999990463257,34.8999977111816,19.6499996185303,0.633333325386047
"PI440031",45.02194444,41.02555556,NA,265,10.7375001907349,21.6499996185303,-0.75,630,84,30,28.4199333190918,219,104,206,115,10.7250003814697,30.7306594848633,909.533142089844,29.2999992370605,-5.59999990463257,34.8999977111816,19.6499996185303,0.633333325386047
"PI440032",44.61972222,41.86277778,NA,266,10.0208330154419,20.8999996185303,-1.29999995231628,566,89,23,41.7749481201172,216,79,216,80,10.7250003814697,30.7306594848633,902.215576171875,28.2000007629395,-6.69999980926514,34.9000015258789,18.9333343505859,-0.0499999709427357
"PI440033",45.095,43.36638889,NA,267,9.64166641235352,21.9499988555908,-2.45000004768372,444,67,19,37.6366806030273,167,64,163,68,9.89999961853027,27.1232872009277,993.064208984375,29.8999996185303,-6.59999990463257,36.5,19.5666656494141,-1.33333325386047
"PI440034",45.095,43.36638889,NA,268,9.64166641235352,21.9499988555908,-2.45000004768372,444,67,19,37.6366806030273,167,64,163,68,9.89999961853027,27.1232872009277,993.064208984375,29.8999996185303,-6.59999990463257,36.5,19.5666656494141,-1.33333325386047
"PI440035",45.095,43.36638889,NA,269,9.64166641235352,21.9499988555908,-2.45000004768372,444,67,19,37.6366806030273,167,64,163,68,9.89999961853027,27.1232872009277,993.064208984375,29.8999996185303,-6.59999990463257,36.5,19.5666656494141,-1.33333325386047
"PI440036",43.10416667,72.9375,NA,270,10.0166664123535,24.0499992370605,-4.94999980926514,293,41,8,40.8346633911133,110,32,50,69,13.4666662216187,29.4032039642334,1154.33825683594,33.5999984741211,-12.1999998092651,45.7999992370605,10.9666662216187,22.1666660308838
"PI440037",42.98222222,72.36833333,NA,271,9.6458330154419,23.2000007629395,-4.38333320617676,275,42,7,44.1581153869629,109,30,47,61,13.091667175293,29.8896503448486,1103.04223632812,32.7000007629395,-11.1000003814697,43.8000030517578,10.0833330154419,21.4500007629395
"PI440038",42.98222222,72.36833333,NA,272,9.6458330154419,23.2000007629395,-4.38333320617676,275,42,7,44.1581153869629,109,30,47,61,13.091667175293,29.8896503448486,1103.04223632812,32.7000007629395,-11.1000003814697,43.8000030517578,10.0833330154419,21.4500007629395
"PI440039",43.01888889,71.19138889,NA,273,10.9916667938232,24.2000007629395,-2.31666660308838,297,46,4,49.209903717041,115,21,30,84,12.75,30.2132701873779,1071.83959960938,33.5,-8.69999980926514,42.2000007629395,11.2333335876465,22.6499996185303
"PI440040",43.01888889,71.19138889,NA,274,10.9916667938232,24.2000007629395,-2.31666660308838,297,46,4,49.209903717041,115,21,30,84,12.75,30.2132701873779,1071.83959960938,33.5,-8.69999980926514,42.2000007629395,11.2333335876465,22.6499996185303
"PI440041",42.57416667,70.56361111,NA,275,9.15416717529297,20.6833324432373,-2.70000004768372,588,88,9,52.1954383850098,229,40,52,178,12.4250001907349,32.4412536621094,953.83544921875,29.8999996185303,-8.39999961853027,38.2999992370605,8.10000038146973,20.2666664123535
"PI440042",42.57416667,70.56361111,NA,276,9.15416717529297,20.6833324432373,-2.70000004768372,588,88,9,52.1954383850098,229,40,52,178,12.4250001907349,32.4412536621094,953.83544921875,29.8999996185303,-8.39999961853027,38.2999992370605,8.10000038146973,20.2666664123535
"PI440043",42.57416667,70.56361111,NA,277,9.15416717529297,20.6833324432373,-2.70000004768372,588,88,9,52.1954383850098,229,40,52,178,12.4250001907349,32.4412536621094,953.83544921875,29.8999996185303,-8.39999961853027,38.2999992370605,8.10000038146973,20.2666664123535
"PI440044",42.57416667,70.56361111,NA,278,9.15416717529297,20.6833324432373,-2.70000004768372,588,88,9,52.1954383850098,229,40,52,178,12.4250001907349,32.4412536621094,953.83544921875,29.8999996185303,-8.39999961853027,38.2999992370605,8.10000038146973,20.2666664123535
"PI440045",42.57416667,70.56361111,NA,279,9.15416717529297,20.6833324432373,-2.70000004768372,588,88,9,52.1954383850098,229,40,52,178,12.4250001907349,32.4412536621094,953.83544921875,29.8999996185303,-8.39999961853027,38.2999992370605,8.10000038146973,20.2666664123535
"PI440046",42.45333333,69.1425,NA,280,13.7541666030884,27.4333343505859,-0.233333393931389,345,51,2,62.3457145690918,138,12,16,128,13.2749996185303,30.3775730133057,1110.78894042969,36.9000015258789,-6.80000019073486,43.7000007629395,7.8333330154419,25.716667175293
"PI440047",42.22777778,68.2925,NA,281,13.8500003814697,28.3500003814697,-0.666666686534882,292,43,2,63.4339065551758,117,10,14,116,13.1833333969116,29.4270839691162,1172.51086425781,38,-6.80000019073486,44.7999992370605,7.68333339691162,26.3333339691162
"PI440048",42.22777778,68.2925,NA,282,13.8500003814697,28.3500003814697,-0.666666686534882,292,43,2,63.4339065551758,117,10,14,116,13.1833333969116,29.4270839691162,1172.51086425781,38,-6.80000019073486,44.7999992370605,7.68333339691162,26.3333339691162
"PI440049",42.22777778,68.2925,NA,283,13.8500003814697,28.3500003814697,-0.666666686534882,292,43,2,63.4339065551758,117,10,14,116,13.1833333969116,29.4270839691162,1172.51086425781,38,-6.80000019073486,44.7999992370605,7.68333339691162,26.3333339691162
"PI440050",42.22777778,68.2925,NA,284,13.8500003814697,28.3500003814697,-0.666666686534882,292,43,2,63.4339065551758,117,10,14,116,13.1833333969116,29.4270839691162,1172.51086425781,38,-6.80000019073486,44.7999992370605,7.68333339691162,26.3333339691162
"PI440051",42.22777778,68.2925,NA,285,13.8500003814697,28.3500003814697,-0.666666686534882,292,43,2,63.4339065551758,117,10,14,116,13.1833333969116,29.4270839691162,1172.51086425781,38,-6.80000019073486,44.7999992370605,7.68333339691162,26.3333339691162
"PI440052",42.22777778,68.2925,NA,286,13.8500003814697,28.3500003814697,-0.666666686534882,292,43,2,63.4339065551758,117,10,14,116,13.1833333969116,29.4270839691162,1172.51086425781,38,-6.80000019073486,44.7999992370605,7.68333339691162,26.3333339691162
"PI440053",42.22777778,68.2925,NA,287,13.8500003814697,28.3500003814697,-0.666666686534882,292,43,2,63.4339065551758,117,10,14,116,13.1833333969116,29.4270839691162,1172.51086425781,38,-6.80000019073486,44.7999992370605,7.68333339691162,26.3333339691162
"PI440054",42.22777778,68.2925,NA,288,13.8500003814697,28.3500003814697,-0.666666686534882,292,43,2,63.4339065551758,117,10,14,116,13.1833333969116,29.4270839691162,1172.51086425781,38,-6.80000019073486,44.7999992370605,7.68333339691162,26.3333339691162
"PI440055",42.22777778,68.2925,NA,289,13.8500003814697,28.3500003814697,-0.666666686534882,292,43,2,63.4339065551758,117,10,14,116,13.1833333969116,29.4270839691162,1172.51086425781,38,-6.80000019073486,44.7999992370605,7.68333339691162,26.3333339691162
"PI440056",41.27083333,68.115,NA,290,14.5583333969116,28.0666656494141,1.03333330154419,329,49,2,65.5864791870117,135,10,13,132,12.8666667938232,30.7814998626709,1088.71447753906,37.2999992370605,-4.5,41.7999992370605,8.51666641235352,25.9833335876465
"PI440057",41.27083333,68.115,NA,291,14.5583333969116,28.0666656494141,1.03333330154419,329,49,2,65.5864791870117,135,10,13,132,12.8666667938232,30.7814998626709,1088.71447753906,37.2999992370605,-4.5,41.7999992370605,8.51666641235352,25.9833335876465
"PI442637",38.40722222,27.15027778,NA,292,17.2374992370605,26.3333339691162,8.98333358764648,692,138,4,81.5962066650391,359,19,19,359,9.79166603088379,34.4776992797852,712.326965332031,33,4.59999990463257,28.3999996185303,8.98333358764648,26.3333339691162
"PI486197",38.96972222,59.55638889,NA,293,16.4750003814697,30.6499996185303,2.38333344459534,121,21,1,68.5475006103516,58,3,4,44,12.8666667938232,29.7839508056641,1138.89001464844,39.5999984741211,-3.59999990463257,43.1999969482422,9.60000038146973,28.9333324432373
"PI494618",46,25,NA,294,7.04583358764648,16.7000007629395,-3.53333330154419,610,92,25,48.0017929077148,256,81,253,84,11.6916666030884,35.536979675293,820.718811035156,23.8999996185303,-9,32.9000015258789,15.2833337783813,-1.83333325386047
"PI494686",44.18333333,28.65,NA,295,11.9125003814697,21.8833332061768,2.23333334922791,417,47,25,18.8257064819336,119,82,115,82,7.625,26.2931022644043,803.851867675781,27.2000007629395,-1.79999995231628,29,15.5666666030884,2.9833333492279
"PI494687",43.8,28.58333333,NA,296,NA,NA,NA,NA,NA,NA,NA,NA,NA,NA,NA,NA,NA,NA,NA,NA,NA,NA,NA
"PI502351",46.30777778,44.25555556,NA,297,9.74583339691162,23.3666667938232,-3.90000009536743,350,49,17,27.8364524841309,122,61,115,65,9.55833339691162,24.5085468292236,1111.87487792969,31,-8,39,21.2333335876465,-2.78333330154419
"PI502356",45.05,41.96666667,NA,298,9.22083377838135,20.3999996185303,-2.03333330154419,552,86,23,39.6390991210938,213,75,200,81,9.02499961853027,26.8601188659668,914.828491210938,27,-6.59999990463257,33.5999984741211,18.3999996185303,-1.16666662693024
"PI531721",36.03972222,103.8697222,NA,299,9.47083377838135,21.033332824707,-3.56666660308838,356,78,4,84.3405914306641,196,14,190,14,11.9083337783813,30.0715503692627,996.447021484375,28.2999992370605,-11.3000001907349,39.5999984741211,19.6333332061768,-3.56666660308838
"PI531722",49.8075,-97.13666667,NA,300,2.87916684150696,19.1000003814697,-15.3666667938232,548,95,15,59.5624122619629,257,57,257,57,11.3916664123535,22.783332824707,1396.09753417969,26.7000007629395,-23.2999992370605,50,19.1000003814697,-15.3666667938232
"PI531723",49.8075,-97.13666667,NA,301,2.87916684150696,19.1000003814697,-15.3666667938232,548,95,15,59.5624122619629,257,57,257,57,11.3916664123535,22.783332824707,1396.09753417969,26.7000007629395,-23.2999992370605,50,19.1000003814697,-15.3666667938232
"PI531724",55.75222222,37.61555556,NA,302,5.40000009536743,17.4333324432373,-6.59999990463257,716,93,35,31.5843925476074,257,115,257,133,7.53333330154419,22.4206352233887,980.071899414062,23.2999992370605,-10.3000001907349,33.5999984741211,17.4333324432373,-0.566666603088379
"PI531725",52.67083333,13.41944444,NA,303,9.03333377838135,17.5166664123535,0.816666662693024,575,61,35,19.2060375213623,180,113,180,135,7.7000002861023,30.1960792541504,680.629150390625,23.1000003814697,-2.40000009536743,25.5,17.5166664123535,4.38333320617676
"PI531726",52.17,13.54472222,NA,304,8.83749961853027,17.3333339691162,0.649999976158142,560,76,31,26.3752784729004,189,105,189,122,8.25833320617676,31.7628211975098,680.130737304688,23.2999992370605,-2.70000004768372,26,17.3333339691162,4.21666669845581
"PI547314",42.31666667,69.59583333,NA,305,13.5083332061768,26,0.800000011920929,474,71,3,61.1238632202148,187,18,24,168,12.7999992370605,31.6831684112549,1011.02294921875,34.7999992370605,-5.59999990463257,40.3999977111816,7.94999980926514,24.5833339691162
"PI547315",60.09277778,23.90805556,NA,306,4.84583330154419,15.283332824707,-4.66666650772095,669,78,33,30.5496082305908,220,109,194,149,6.49166679382324,22.1558589935303,814.0986328125,20.5,-8.80000019073486,29.2999992370605,10.3333330154419,3.25
"PI547316",NA,NA,NA,307,NA,NA,NA,NA,NA,NA,NA,NA,NA,NA,NA,NA,NA,NA,NA,NA,NA,NA,NA
"PI547317",50.45,30.52333333,NA,308,8.19166660308838,19.2333335876465,-2.96666669845581,632,89,36,32.4141159057617,232,114,232,124,7.76666641235352,24.7346057891846,912.710327148438,24.7000007629395,-6.69999980926514,31.4000015258789,19.2333335876465,-1.88333332538605
"PI547318",52.68944444,39.24861111,NA,309,5.22083330154419,18.0166664123535,-7.84999990463257,565,78,29,30.222188949585,202,95,202,107,8.7083330154419,23.2843132019043,1067.38952636719,24.6000003814697,-12.8000001907349,37.4000015258789,18.0166664123535,-7.2000002861023
"PI547319",60,100,NA,310,-4.24166679382324,16.216667175293,-25.9500007629395,378,62,11,48.8182029724121,159,40,159,50,11.2833337783813,19.3207759857178,1692.84436035156,25.5,-32.9000015258789,58.4000015258789,16.216667175293,-22.4166660308838
"PI547333",35,105,NA,311,6.33333349227905,16.6666660308838,-4.84999990463257,560,105,3,82.3681106567383,295,13,278,13,10.0833330154419,29.4834308624268,865.963317871094,22.8999996185303,-11.3000001907349,34.2000007629395,15.4833335876465,-4.84999990463257
"PI547334",51.1,17.03333333,NA,312,9.15833377838135,18.2000007629395,0.399999976158142,571,89,24,43.834846496582,237,82,237,85,9.1666669845581,32.3910484313965,726.685607910156,24.7000007629395,-3.59999990463257,28.3000011444092,18.2000007629395,1.43333327770233
"PI547335",50.73611111,15.74027778,NA,313,2.52083325386047,10.4666662216187,-5.13333320617676,891,107,51,27.8760375976562,319,164,319,178,6.09166669845581,26.3708515167236,642.595764160156,15.3000001907349,-7.80000019073486,23.1000003814697,10.4666662216187,-4.63333320617676
"PI547336",43.66666667,6.716666667,NA,314,12.5375003814697,19.8166656494141,6.13333320617676,844,118,22,34.7386627197266,298,117,140,237,8.72500038146973,35.9053497314453,568.735107421875,25.8999996185303,1.60000002384186,24.2999992370605,9.63333320617676,19.7999992370605
"PI547337",43.56666667,5.016666667,NA,315,14.904167175293,23.0833339691162,7.38333320617676,662,104,22,35.3388786315918,231,101,101,163,9.875,35.7789840698242,640.452453613281,30.1000003814697,2.5,27.6000003814697,15.3833332061768,23.0833339691162
"PI547338",43,2.75,NA,316,13.4666662216187,20.7666664123535,7.0499997138977,645,80,19,29.5141754150391,209,98,98,190,8.19999980926514,34.4537811279297,567.01904296875,26.7999992370605,3,23.7999992370605,10.4833335876465,20.7666664123535
"PI565004",39.94027778,-1.067777778,NA,317,10.7624998092651,19.6833324432373,3.2333333492279,450,62,24,30.8225555419922,157,79,107,85,13.5249996185303,41.3608551025391,675.469970703125,29.8999996185303,-2.79999995231628,32.7000007629395,12.6166667938232,4.19999980926514
"PI574518",NA,NA,"breeding material",318,NA,NA,NA,NA,NA,NA,NA,NA,NA,NA,NA,NA,NA,NA,NA,NA,NA,NA,NA
"PI578689",NA,NA,NA,319,NA,NA,NA,NA,NA,NA,NA,NA,NA,NA,NA,NA,NA,NA,NA,NA,NA,NA,NA
"PI578695",NA,NA,"breeding material",320,NA,NA,NA,NA,NA,NA,NA,NA,NA,NA,NA,NA,NA,NA,NA,NA,NA,NA,NA
"PI578699",NA,NA,"cultivar",321,NA,NA,NA,NA,NA,NA,NA,NA,NA,NA,NA,NA,NA,NA,NA,NA,NA,NA,NA
"PI598480",47.41166667,28.37,NA,322,9.39999961853027,19.716667175293,-1.36666667461395,579,85,26,36.3232078552246,221,104,215,108,9.14999961853027,28.955696105957,861.966552734375,25.7999992370605,-5.80000019073486,31.5999984741211,18.2333335876465,-0.266666680574417
"PI618797",48.13305556,60.26666667,NA,323,5.79583358764648,23.4500007629395,-12.5833339691162,175,18,10,16.2936153411865,52,37,45,41,11.875,23.0135650634766,1481.64135742188,32.4000015258789,-19.2000007629395,51.6000022888184,15.9666662216187,21.0166664123535
"PI619581",38.91666667,68.25,NA,324,-0.524999976158142,9.93333339691162,-10.0500001907349,527,75,14,43.5803413391113,217,69,105,129,6.03333330154419,20.521541595459,839.186584472656,15.3000001907349,-14.1000003814697,29.4000015258789,-2.46666646003723,6.23333358764648
"PI634227",NA,NA,NA,325,NA,NA,NA,NA,NA,NA,NA,NA,NA,NA,NA,NA,NA,NA,NA,NA,NA,NA,NA
"PI634290",44.51138889,33.84666667,NA,326,9.35000038146973,19.0666656494141,0.0166666898876429,599,78,40,21.1935710906982,192,126,146,187,8.11666679382324,27.9885063171387,776.952087402344,24.8999996185303,-4.09999990463257,29,1.78333342075348,8.31666660308838
"Reliant",NA,NA,"Reliant",327,NA,NA,NA,NA,NA,NA,NA,NA,NA,NA,NA,NA,NA,NA,NA,NA,NA,NA,NA
"Slate",NA,NA,"Slate",328,NA,NA,NA,NA,NA,NA,NA,NA,NA,NA,NA,NA,NA,NA,NA,NA,NA,NA,NA
"Tegmar",NA,NA,"Tegmar",329,NA,NA,NA,NA,NA,NA,NA,NA,NA,NA,NA,NA,NA,NA,NA,NA,NA,NA,NA
"Topar",NA,NA,"Topar",330,NA,NA,NA,NA,NA,NA,NA,NA,NA,NA,NA,NA,NA,NA,NA,NA,NA,NA,NA
"Trigo",NA,NA,"Trigo",331,NA,NA,NA,NA,NA,NA,NA,NA,NA,NA,NA,NA,NA,NA,NA,NA,NA,NA,NA
